<?xml version="1.0" encoding="UTF-8"?>
<project-private xmlns="http://www.netbeans.org/ns/project-private/1">
    <editor-bookmarks xmlns="http://www.netbeans.org/ns/editor-bookmarks/2" lastBookmarkId="0"/>
    <open-files xmlns="http://www.netbeans.org/ns/projectui-open-files/2">
        <group name="BIBLIOTECA">
            <file>file:/D:/2.%20DESENVOLVIMENTO%20DE%20SOFTWARE/BIBLIOTECA/src/MigrationTool/src/migrationtool/MainWindow.java</file>
            <file>file:/D:/2.%20DESENVOLVIMENTO%20DE%20SOFTWARE/BIBLIOTECA/src/MigrationTool/src/migrationtool/FBManager.java</file>
        </group>
    </open-files>
</project-private>
